{
    "parent": "item/handheld",
    "textures": {
        "layer0": "item/diamond_sword"
    },
    "overrides": [
        { "predicate": {"damaged": 0, "damage": 0.009609224855861628}, "model": "customitems/buzzybee"},
        { "predicate": {"damaged": 0, "damage": 0.016015374759769378}, "model": "customitems/beegobuzz"},
        { "predicate": {"damaged": 0, "damage": 0.019218449711723255}, "model": "customitems/battleaxe"},
        { "predicate": {"damaged": 0, "damage": 0.020499679692504803}, "model": "customitems/true_nights_edge"},
        { "predicate": {"damaged": 0, "damage": 0.03843689942344651}, "model": "customitems/terrablade"},
        { "predicate": {"damaged": 0, "damage": 0.06406149903907751}, "model": "customitems/dragonsword"},
        { "predicate": {"damaged": 1, "damage": 0}, "model": "item/diamond_sword"}
    ]
}
