{
    "parent": "item/handheld",
    "textures": {
        "layer0": "item/iron_sword"
    },
    "overrides": [
        { "predicate": {"damaged": 0, "damage": 0.004}, "model": "customitems/rayan"},
        { "predicate": {"damaged": 0, "damage": 0.08}, "model": "customitems/thot"},
        { "predicate": {"damaged": 0, "damage": 0.4}, "model": "customitems/mrhankey"},
        { "predicate": {"damaged": 0, "damage": 0.408}, "model": "customitems/excalibur"},
        { "predicate": {"damaged": 1, "damage": 0}, "model": "item/iron_sword"}
    ]
}
