{
    "parent": "item/handheld",
    "textures": {
        "layer0": "customitems/weedfood"
    },
    "display": {
        "thirdperson_righthand": {
            "rotation": [0, -90, 0],
            "translation": [3, -1.5, 6],
            "scale": [1.25, 1.25, 1.25]
        },
        "thirdperson_lefthand": {
            "rotation": [0, -90, 0],
            "translation": [3, -2, 4],
            "scale": [1.25, 1.25, 1.25]
        },
        "firstperson_righthand": {
            "rotation": [-5, 0, -5],
            "translation": [-2, -5, 0],
            "scale": [1.35, 1.35, 1.35]
        },
        "firstperson_lefthand": {
            "rotation": [5, 0, -5],
            "translation": [-1.5, -5, 0],
            "scale": [1.35, 1.35, 1.35]
        }
    }
}
