{
    "parent": "item/handheld",
    "textures": {
        "layer0": "customitems/weedfood"
    },
    "display": {
        "thirdperson_righthand": {
            "rotation": [35, -45, -5],
            "translation": [5, 0, 1],
            "scale": [1.15, 1.15, 1.15]
        },
        "thirdperson_lefthand": {
            "rotation": [35, -35, -5],
            "translation": [3, -3, -1],
            "scale": [1.25, 1.25, 1.25]
        },
        "firstperson_righthand": {
            "rotation": [0, -5, 5],
            "translation": [-6, -0.5, 0],
            "scale": [1.2, 1.2, 1.2]
        },
        "firstperson_lefthand": {
            "rotation": [0, -5, 5],
            "translation": [-6, -2.5, 0],
            "scale": [1.2, 1.2, 1.2]
        }
    }
}
